,Raw,Scaled
alpha1,0.179533,0.361498
beta1,-0.13372,-0.538503
alpha3,0.0439607,0.177034
n3,0.00207756,0.0223107
K3,-0.083824,-0.0562611
