,Raw,Scaled
a1,-0.128351,-1.03376
b1,0.172442,1.04166
c1,-1.35467,-0.0213101
d1,1.81797,0.014299
f1,-5.68434e-11,-2.98064e-13
