Model,Equation,Numerator Terms,Denominator Terms,Any Negative in Denominator
1,x2_dot = (-4.023*x1**8*x2 + 3.025*x1**8 - 0.004017*x2)/(0.004128*x1**8*x2 + 1.0*x1**8 + 0.002371*x2 + 0.004212),3,4,False
2,x2_dot = (-4.022*x1**8*x2 + 3.024*x1**8 - 0.004014*x2)/(0.00357*x1**8*x2 + 1.0*x1**8 + 0.002346*x2 + 0.004212),3,4,False
5,x2_dot = (-4.018*x1**8*x2 + 3.02*x1**8 - 0.004003*x2)/(0.0007102*x1**8*x2 + 1.0*x1**8 + 0.002228*x2 + 0.004212),3,4,False
6,x2_dot = (-20.86*x1**8*x2 + 18.1*x1**8 - 0.05026*x2)/(11.71*x1**8*x2 + 1.0*x1**8 + 0.4726*x2 + 0.004011),3,4,False
